"TimeCreated","EventID"
"9/6/2018 11:20:19 PM","400"
"9/6/2018 10:31:01 PM","400"
"9/6/2018 10:31:00 PM","400"
"9/6/2018 10:30:08 PM","400"
"9/6/2018 10:30:02 PM","400"
"9/6/2018 7:26:32 PM","400"
"9/6/2018 4:58:42 PM","400"
"9/6/2018 3:40:37 PM","400"
"9/6/2018 3:09:13 PM","400"
"9/5/2018 3:38:47 PM","400"
"9/5/2018 3:36:11 PM","400"
"9/5/2018 2:18:02 PM","400"
"9/5/2018 2:04:21 PM","400"
"9/5/2018 2:01:36 PM","400"
"9/5/2018 2:01:36 PM","400"
"9/5/2018 12:04:21 AM","400"
"9/5/2018 12:03:06 AM","400"
"9/3/2018 3:44:21 PM","400"
"9/3/2018 3:41:42 PM","400"
"9/1/2018 7:41:13 PM","400"
"9/1/2018 7:25:07 PM","400"
"8/31/2018 8:08:18 PM","400"
"8/31/2018 6:01:51 PM","400"
"8/31/2018 3:31:23 AM","400"
"8/31/2018 3:23:23 AM","400"
"8/31/2018 3:14:43 AM","400"
"8/31/2018 2:55:19 AM","400"
"8/31/2018 2:08:47 AM","400"
"8/31/2018 2:06:56 AM","400"
"8/31/2018 12:45:27 AM","400"
"8/30/2018 11:40:50 PM","400"
"8/30/2018 11:40:43 PM","400"
"8/30/2018 11:40:20 PM","400"
"8/30/2018 8:31:17 PM","400"
"8/30/2018 8:31:07 PM","400"
"8/30/2018 6:43:47 PM","400"
"8/30/2018 6:43:39 PM","400"
"8/30/2018 3:13:48 PM","400"
"8/30/2018 6:34:02 AM","400"
"8/30/2018 6:16:31 AM","400"
"8/28/2018 11:32:57 PM","400"
"8/28/2018 11:21:25 PM","400"
"8/28/2018 10:00:01 PM","400"
"8/28/2018 8:59:09 PM","400"
"8/28/2018 8:58:39 PM","400"
"8/28/2018 8:58:39 PM","400"
"8/28/2018 8:58:23 PM","400"
"8/28/2018 8:58:22 PM","400"
"8/28/2018 5:42:50 PM","400"
"8/28/2018 5:42:38 PM","400"
"8/25/2018 12:50:28 AM","400"
"8/25/2018 12:33:06 AM","400"
"8/24/2018 11:52:17 PM","400"
"8/24/2018 11:30:01 PM","400"
"8/22/2018 12:48:00 AM","400"
"8/17/2018 6:51:07 AM","400"
"8/17/2018 6:10:11 AM","400"
"8/17/2018 5:57:22 AM","400"
"8/17/2018 4:04:37 AM","400"
"8/17/2018 4:04:22 AM","400"
"8/17/2018 4:03:55 AM","400"
"8/17/2018 4:02:48 AM","400"
"8/16/2018 7:14:47 PM","400"
"8/16/2018 7:10:34 PM","400"
"8/15/2018 7:10:04 PM","400"
"8/15/2018 7:07:10 PM","400"
"8/15/2018 6:42:09 PM","400"
"8/15/2018 6:39:41 PM","400"
"8/15/2018 6:37:20 PM","400"
"8/15/2018 6:37:19 PM","400"
"8/15/2018 6:37:19 PM","400"
"8/15/2018 6:37:18 PM","400"
"8/15/2018 6:37:18 PM","400"
"8/15/2018 6:37:18 PM","400"
"8/15/2018 6:37:17 PM","400"
"8/15/2018 6:37:15 PM","400"
"8/15/2018 6:37:15 PM","400"
"8/15/2018 6:37:14 PM","400"
"8/15/2018 6:37:10 PM","400"
"8/15/2018 6:37:07 PM","400"
"8/15/2018 6:37:04 PM","400"
"8/15/2018 6:36:16 PM","400"
"8/15/2018 6:31:49 PM","400"
"8/15/2018 6:24:46 PM","400"
"8/15/2018 6:24:46 PM","400"
"8/15/2018 6:24:46 PM","400"
"8/15/2018 6:24:45 PM","400"
"8/15/2018 6:24:44 PM","400"
"8/15/2018 5:39:09 PM","400"
"8/15/2018 5:32:48 PM","400"
"8/15/2018 5:28:54 PM","400"
"8/15/2018 9:19:23 AM","400"
"8/15/2018 9:19:23 AM","400"
"8/15/2018 9:19:22 AM","400"
"8/15/2018 9:19:22 AM","400"
"8/15/2018 9:19:21 AM","400"
"8/15/2018 9:19:21 AM","400"
"8/15/2018 9:19:19 AM","400"
"8/15/2018 9:19:16 AM","400"
"8/15/2018 9:19:16 AM","400"
"8/15/2018 9:19:15 AM","400"
"8/15/2018 9:19:13 AM","400"
"8/15/2018 9:19:08 AM","400"
"8/15/2018 9:08:40 AM","400"
"8/11/2018 9:55:49 PM","400"
"8/8/2018 6:53:15 PM","400"
"8/8/2018 6:46:15 PM","400"
"8/6/2018 5:54:01 PM","400"
"7/18/2018 3:12:36 AM","400"
"7/18/2018 3:12:09 AM","400"
"7/7/2018 12:46:47 AM","400"
"7/7/2018 12:41:17 AM","400"
"7/7/2018 12:37:46 AM","400"
"7/7/2018 12:37:23 AM","400"
"7/7/2018 12:28:50 AM","400"
"7/7/2018 12:27:14 AM","400"
"7/7/2018 12:24:50 AM","400"
"7/7/2018 12:20:21 AM","400"
"7/7/2018 12:20:05 AM","400"
"7/7/2018 12:19:48 AM","400"
"7/7/2018 12:19:30 AM","400"
"7/7/2018 12:16:12 AM","400"
"7/6/2018 3:50:58 PM","400"
"7/6/2018 4:06:27 AM","400"
"7/6/2018 3:50:28 AM","400"
"7/6/2018 3:45:25 AM","400"
"5/25/2018 1:48:41 AM","400"
"5/14/2018 7:19:33 AM","400"
"5/5/2018 12:14:26 AM","400"
"5/5/2018 12:14:16 AM","400"
