TimeGenerated,EventID
2021-08-05 00:02:07,98
2021-08-05 09:23:40,98
2021-08-05 09:24:05,98
2021-08-05 11:30:33,98
2021-08-05 11:30:42,98
2021-08-05 18:18:52,98
2021-08-05 18:24:20,98
2021-08-06 21:57:04,98
2021-08-15 17:55:15,98
2021-08-15 20:34:16,98
2021-08-15 20:35:10,98
2021-08-15 20:42:51,98
2021-08-15 20:45:29,98
2021-08-15 20:46:05,98
2021-08-22 13:15:14,98
2021-08-22 13:21:14,98
2021-08-25 17:00:06,98
2021-08-25 17:00:27,98
2021-09-01 16:38:36,98
2021-09-12 15:03:22,98
2021-09-12 19:18:46,98
2021-09-20 10:50:22,98
